difficulty,text
easy,coffee maker with grinder
easy,stainless steel toaster 2 slice
easy,air fryer 5 quart
easy,electric kettle glass
easy,portable mini fridge
easy,vacuum cleaner cordless
easy,microwave oven compact
medium,appliance to quickly make coffee in the morning
medium,something to reheat food fast in a small kitchen
medium,device to keep drinks cold while working at desk
medium,kitchen appliance for healthy low-oil cooking
medium,compact appliance for small apartment cooking
medium,tool to grind coffee beans and brew automatically
medium,quiet vacuum for cleaning pet hair in a small home
complex,best compact coffee machine with built-in grinder for a small apartment under $150
complex,what is the best air fryer for a family of 4 that is easy to clean and energy efficient
complex,quiet cordless vacuum cleaner that works well on both hardwood and carpets for pet owners
complex,affordable kitchen appliance that can replace oven and toaster for small dorm living
complex,what is the best espresso machine for beginners that also makes milk-based drinks
complex,energy-efficient mini fridge for a bedroom that does not make noise at night
complex,best multifunction kitchen appliance for someone who wants to cook healthy meals quickly with minimal effort